activity;n_observations;duration_mean;duration_median;duration_standard_deviation;standard_error_on_mean;considence_interval_95_on_mean;standard_error_on_mean_bootstrap;considence_interval_95_on_mean_bootstrap;standard_error_on_median_bootstrap;considence_interval_95_on_median_bootstrap
resting;46;239.4348;40.0000;363.6681;53.619933;134.339713:344.5299;52.940653;143.043478:350.1087;37.936112;23.000000:162.0000
column;32;18.1562;13.0000;13.9887;2.472881;13.309403:23.0031;2.420582;13.625000:23.0938;2.044563;9.000000:18.5000
foraging;8;184.7500;156.0000;114.8039;40.589297;105.194977:264.3050;37.906334;114.125000:261.2500;62.816706;86.000000:323.0000
transport/construction;9;473.1111;430.0000;377.8960;125.965322;226.219080:720.0031;119.295792;248.333333:714.4500;210.872429;91.000000:928.0000